                   year,File name,Style,Material,Brand
1970,70s funky.jpg,rectangle,Plastic,house
1970,1970 oversize.jpg,oversize,Plastic,house     
2003,armani 2003 6g.jpg,aviator,Metal,armani
2002,armani titanium 2002.jpg,rectangle,Metal,house
2003,balmain 2003.jpg,oversize,Plastic,balmain
2006,carrera 2006 TS.jpg,cat eye,Metal,carrera
2006,cele star3 2006.jpg,round,metal,celebrity
2006,celebrity star3 2006.jpg,round,Plastic,celebrity
2006,cubanos 2006.jpg,round,Plastic,cubanos
2006,cucci_1.jpg,round,metal,gucci
2006,enrico archives 2006.jpg,rectangle,Plastic,enrico
2003,flint reflect 2003.png,round,metal,flint
2003,foster grant 2003 black.jpg,rectangle,Plastic,foster
2004,foster grant 2004 (1).jpg,rectangle,Plastic,foster
2004,gant gs 2004 (1).jpg,rectangle,Plastic,gant
2007,garrett 2007 kinney.jpg,round,Plastic,garrett
2002,garrett leight 2002 matte black.jpg,rectangle,Plastic,garrett
2004,gucci acetate 2004 (1).jpg,round,Plastic,gucci
2004,harley davidson 2004.jpg,round,complex,harley
2004,MK women's panama 2004 (1).jpg,oversize,Plastic,MK
2000,oakley.jpg,rectangle,Plastic,oakley
2006,ray.jpg,rectangle,Plastic,rayban
2004,tom ford 2004 (1).jpg,round,Plastic,tomford
2007,vogue 2007 vj.jpg,round,Plastic,vogue
1950,1950_1.jpg,cat eye,Plastic,house
2006,aspect by mister spex 2006.jpg,rectangle,metal,house
2002,baby 2002.jpg,rectangle,Plastic,house
2006,beyonce knowles 2006.jpg,oversize,Plastic,house
2007,ahlem 2007.jpg,aviator,metal,ahlem
2001,bally 2001 square.jpg,rectangle,Plastic,bally
2004,carrera 2004T.jpg,round,metal,carrera
2002,arnabu EA 2002 Man.png,rectangle,metal,arnabu
2006,aviator women 2006 le specs.jpg,aviator,metal,house
1970,70 italia square.jpg,oversize,plastic,house
2006,bonhams 2006.jpg,round,plastic,bonhams
1970,70 sunglasses.jpg,oversize,plastic,house
2004,vogue kids 2004.jpg,rectangle,plastic,vogue
2002,garrett 2002 matte espresso.jpg,round,plastic,garrett
2002,vuranet 2002 district.jpg,rectangle,plastic,vuranet
all,squared cats eye.jpg,rectangle,plastic,house
2006,john jacobs 2006.jpg,round,plastic,john jacobs
2003,vuarnet 2003 cateye black.jpg,cat eye,plastic,vuranet
2002,vuranet district 2002.jpg,rectangle,plastic,vuranet
all,pendi squared.jpg,rectangle,plastic,pendi
2004,jw 2004.jpg,round,complex,jw
2006,garrett sunshine 2006.jpg,round,plastic,garrett
2001,vogue junior vj 2001.jpg,rectangle,plastic,vogue
2002,vuranet 2002 frame sunglasses(blue polar and brown).jpg,rectangle,plastic,vuranet
all,retro rayban.jpg,round,complex,rayban
2006,vintage open source 2006.jpeg,oversize,plastic,house
2003,vuarnet 2003 optique.jpg,round,plastic,vuranet
2005,pilot ments black 2005.jpg,aviator,complex,house
all,woman squared harris.jpg,rectangle,complex,harris
2003,michael kors women 2003.jpg,round,plastic,mk
all,woman squared oakley carbon.jpg,oversize,plastic,oakley
2001,dolce 2001 black.jpg,round,plastic,dolce
2002,armani exchange 2002.jpg,aviator,complex,armani
all,retro yacob-gray.jpg,rectangle,plastic,yacob
all,very square.jpg,rectangle,plastic,house
2005,gant gws 2005.jpg,round,plastic,house
2006,harley davidson 2006 optics.jpg,rectangle,plastic,harley
2004,carrera 2004 T-S.jpg,aviator,metal,carrera
all,cats eye.jpg,cat eye,metal,house
2006,leight 2006 black.png,rectangle,plastic,garett
2001,garett leight 2001 hampton.jpg,round,plastic,garett
2003,polaroid 2003 clip.jpg,aviator,metal,house
2001,hu 2001.jpg,round,plastic,hu
2001,garrett leight 2001.jpg,round,plastic,garrett
all,oakley cats eye.jpg,cat eye,complex,oakley
2005,carrera Eyewear sunglasses 2005.jpg,aviator,complex,carrera
2003,versace 2003.jpg,rectangle,metal,versace
2006,garrett leight brandy 2006.jpg,round,plastic,garrett
2001,TekSpex2001-blacktortpolar.jpg,round,plastic,tekspex
2005,walker balck sunglasses 2005.jpg,rectangle,plastic,walker balck
2006,HD motor 2006.jpg,rectangle,plastic,hd motor
2001,gil visconti 2001.jpg,oversize,plastic,gil
2006,celebrity 2006 stars.jpg,round,metal,celebrity
2005,sunski 2005.jpg,rectangle,plastic,sunski
2004,carrera 2004.jpg,aviator,metal,carrera
2005,tecmac 2005.jpg,rectangle,plastic,tecmac
2002,tipi diversi 2002.jpg,rectangle,plastic,tipi
2004,hanover 2004 brown.jpg,aviator,complex,house
2002,vogue junior brown 2002.jpg,cat eye,plastic,vogue
2003,scoutwire en 2003.jpg,aviator,plastic,scout
2004,maui jim cliff house 2004.jpg,aviator,metal,maui
2004,others circle 2004.jpg,rectangle,plastic,house
2003,cleo 2003.jpg,round,plastic,cleo
2004,mister spex collection 2004.jpg,aviator,metal,mister
2002,ravine 2002.jpg,rectangle,plastic,ravine
2004,marwitz 2004 classic.jpg,rectangle,plastic,marwitz
2003,polaroid 2003.jpg,rectangle,plastic,house
2004,miyake jap 2004.jpg,round,metal,miyake
2004,hanover 2004.jpg,aviator,complex,house
2002,armani metal aviator 2002.jpg,aviator,complex,armani
2004,fossil women 2004.jpg,aviator,metal,fossil
2003,vuranet 2003 tinted.jpg,cat eye,plastic,vuranet
2005,turkish souq 2005.jpg,round,metal,turkish
2005,estivo 2005 dk gunm.jpg,aviator,metal,dk
2019,J1001.jpg,rectangle,plastic,jaglion
2005,carrera aviatnavi 2005.jpg,aviator,plastic,carrera
2014,rayban Mens BlackORB4146 2014.jpg,rectangle,plastic,rayban
2014,mytheresa 2014.jpg,round,complex,house
2014,jjh 2014.jpg,rectangle,plastic,jjh
2014,supreme-wellington 2014.jpg,round,plastic,house
2014,Stelvio_Grn 2014.jpg,aviator,plastic,stelvio
2014,berlin rectangle prescription 2014.jpg,rectangle,plastic,house
2014,julbo beach j477 2014.jpg,rectangle,plastic,julbo
2014,WARBY PARKER BARKLEY  ANTIQUE SHALE FAD 2014.jpg,rectangle,plastic,warby parker
2014,supreme-summer 2014.jpg,round,plastic,house
2014,rayban RB4147 2014.jpg,aviator,plastic,rayban
2014,prada 52mm burtterfly 2014.jpg,rectangle,plastic,prada
2014,rayban justin rubber black 2014.jpg,rectangle,plastic,rayban
2014,Gazal Eyewear 2014.jpg,rectangle,plastic,gazal
2014,oliver-goldsmith-the-1980s-matte 2014.jpg,rectangle,plastic,oliver
2014,Super-Impero-2 2014.jpg,aviator,complex,house
2014,bottega-veneta-bv0169n 2014.jpg,round,complex,bottega
2014,bottega-veneta-bv0159 2014.jpg,rectangle,complex,bottega
2014,oliver-goldsmith-gopas-wintersun-shadow 2014.jpg,aviator,plastic,oliver
2015,balenciaga square 2015.jpg,rectangle,plastic,balenciaga
2015,celine cl40030f 2015.jpg,oversize,plastic,celine
2015,celine square s130 2015.jpg,rectangle,plastic,celine
2015,gucci-occhiale 2015.jpg,oversize,plastic,gucci
2015,gucci square acetate 2015.jpg,rectangle,plastic,gucci
2015,Kate Spade ks danalyn 807 Women 2015.jpg,rectangle,plastic,kate
2015,balenciaga hybrid rectangle 2015.jpg,rectangle,plastic,balenciaga
2015,celine maillon kd125 2015.jpg,round,plastic,celine
2015,balenciaga dframe 2015.jpg,rectangle,plastic,balenciaga
2015,balenciaga aluminum 2015.jpg,cat eye,plastic,balenciaga
2015,bottega veneta shield acetate 2015.jpg,rectangle,plastic,bottega
2015,lunettes 2015.jpg,round,plastic,house
2015,balenciaga round 2015.jpg,round,plastic,balenciaga
2015,jacques marie mage 2015.jpg,rectangle,plastic,jacques
2015,balenciaga shield rectangle 2015.jpg,rectangle,plastic,balenciaga
2015,Pawaka-Sepuluh 2015.jpg,rectangle,plastic,pawaka
2015,celine round s163 kd115 2015.jpg,round,plastic,celine
2015,celine side studs 2015.jpg,rectangle,plastic,celine
2015,jacques marie astaire square acetate 2015.jpg,rectangle,plastic,jacques
2015,ethical coffeemade 2015.jpeg,round,plastic,house
2015,prada foiled-logo acetate 2015.jpg,rectangle,plastic,prada
2017,Versace Ve 4297 2017.png,round,plastic,versace
2016,french connection 2016.jpg,oversize,plastic,french
2017,Versace Ve 4251 2017.png,round,plastic,versace
2016,NYC-Error 2016.jpg,rectangle,plastic,house
2017,polaroid pld4066 2017.jpg,rectangle,plastic,house
2017,gucci-goggles 2017.png,rectangle,plastic,gucci
2016,Moschino Lunettes M3581-V 2016.png,round,plastic,moschino
2017,Versace 4306q 2017.png,round,plastic,versace
2016,Metz ferruci Mod 1519 2016.jpg,round,plastic,mets
2017,iyu-aylan 2017.jpg,round,plastic,house
2016,More 54359 2016.jpg,round,plastic,house
2016,raen-squire 2016.png,rectangle,plastic,raen
2016,Bvlgari 8178 2016.jpg,cat eye,plastic,bvlgari
2017,smith barra 2017.png,rectangle,plastic,smith
2017,Versace Ve 4305q 2017.png,cat eye,plastic,versace
2016,RAY BAN rose 2016.jpg,rectangle,plastic,rayban
2017,armani-ax-exchange 2018 2017.jpeg,rectangle,plastic,armani
2017,bvlgari serpenti 2017.png,oversize,plastic,bvlgari
2016,occhiali 2016.jpg,round,plastic,occhiali
2016,occhiali modello V555 2016.jpg,cat eye,plastic,occhiali
2017,Versace Ve 4328 2017.png,cat eye,plastic,versace
2017,sergi 2017.jpg,rectangle,plastic,sergi
2016,RAY BAN marron 2016.png,rectangle,plastic,rayban
2016,RAY BAN noir 2016.jpg,rectangle,plastic,rayban
2017,Versace Ve 4298 2017.png,oversize,plastic,versace
2017,smith lowdown 2017.png,rectangle,plastic,smith
2016,Adidas Originals ITALIA INDEPENDENT 2016.jpg,round,plastic,adidas
2016,Rond Smokey Gris Lentille 2016.png,round,plastic,rond
2016,Fossil lunettes noir 2016.png,rectangle,plastic,fossil
2017,RayBan-7505 2017.jpg,round,plastic,rayban
2017,police pl357 2017.jpg,rectangle,plastic,house
2016,Polo Ralph Lauren Noir 2016.jpg,rectangle,plastic,polo
2016,Fossil rouge 2016.jpg,rectangle,plastic,fossil
2017,seen em06 2017.jpg,rectangle,plastic,house
2017,polaroid pld1015 2017.jpg,rectangle,plastic,house
2016,Ralph Lauren RL8160 2016.jpg,cat eye,plastic,ralph
2016,Metz FERUCCI petite Mod 1512 2016.jpg,rectangle,plastic,metz
2016,En Gros Soleil Chat Eye 2016.jpg,cat eye,plastic,house
2017,oakley crossrange 2017.jpg,rectangle,plastic,okaley
2017,crux-coltic 2017.jpg,rectangle,plastic,crux
2016,safilo donna S033 2016.jpg,rectangle,plastic,safilo
2016,VERSACE VE 4403 2016.jpg,rectangle,plastic,versace
2017,Versace 4295 2017.png,cat eye,plastic,versace
2016,pimp 2016.png,round,plastic,house
2016,Katie 2016.jpg,cat eye,plastic,house
2017,colette 2017.jpg,rectangle,plastic,house
2017,Tom-Ford-492 2017.jpg,round,plastic,tomford
2016,Fossil noir 2016.jpg,oversize,plastic,fossil
2016,vikulsi-super-star 2016.jpg,round,plastic,house
2017,Versace Ve 4318 2017.png,cat eye,plastic,versace
2016,obertocavalli RC1127 2016.jpg,rectangle,plastic,house
2016,More MM54336 600 2016.jpg,round,plastic,house
2017,Versace Ve 4303 2017.png,cat eye,plastic,versace
2017,empire black frame 2017.jpg,rectangle,plastic,house
2018,gucci Light-Square-frame2 2018.jpg,oversize,plastic,gucci
2018,gucci Light-Specialized-fit-aviator 2018.jpg,aviator,plastic,gucci
all,Esprit ET 17967 538.jpg,rectangle,plastic,house
all,Polaroid PLD 2079 003.jpg,rectangle,plastic,house
all,L.G.R Asmara II 01.jpg,aviator,plastic,asmara
all,paul kids.jpg,round,plastic,paul
2018,DRAGON DR159 NICKY men 2018.png,round,plastic,house
all,Oakley Frogskins OO 9013 24-306.jpg,rectangle,plastic,okaley
all,adidas SP0011 02A.jpg,round,plastic,adidas
all,Oakley Frogskins OO 9013 E6.jpg,rectangle,plastic,okaley
all,tortoise lemarais boy kids.png,round,plastic,house
all,NO LOGO 30276S.jpg,cat eye,plastic,house
all,Nike NIKE LORE CT 8080 010.jpg,rectangle,plastic,nike
all,Nike Horizon EV 1118 001.jpg,round,plastic,nike
all,Esprit ET 19649 538.jpg,rectangle,plastic,esprit
all,Michalsky for Mister Spex adore 001.jpg,cat eye,plastic,michalsky
all,Tracksmith-Charles round.jpg,rectangle,plastic,tracksmith
2018,gucci Light-Cat-eye 2018.jpg,cat eye,plastic,gucci
all,oakley TWIN TAIL OY8008-01.jpg,rectangle,plastic,okaley
2018,gucci Light-Squar-with-Web 2018.jpg,oversize,plastic,gucci
2018,gucci Light-Round-frame 2018.jpg,oversize,plastic,gucci
all,Hawkers DARK ONE 14003 LS.jpg,rectangle,plastic,hawkers
all,Polaroid PLD 6015.jpg,rectangle,plastic,house
2018,gucci metallicsoul man 2018.jpeg,rectangle,plastic,gucci
all,NO LOGO 30247S.jpg,rectangle,plastic,house
all,Burberry BE 4308 3853T3.jpg,round,plastic,burberry
all,Fossil FOS 2047 29AZR.jpg,round,plastic,fossil
all,Superdry URBAN 104P.jpg,rectangle,plastic,house
2014,Aspect by Mister Spex Harrison 2014 005.jpg,rectangle,plastic,house
all,Nike RABID EV 1109 61.jpg,rectangle,plastic,nike
all,Puma PU 0269S 001.jpg,rectangle,plastic,puma
all,tom-ford-fausto-ft5634-b.jpg,rectangle,plastic,tomford
2018,gucci rectangular women 2018.jpeg,rectangle,plastic,gucci
2018,gucci rectangular man 2018.jpeg,rectangle,plastic,gucci
all,Nike PASSAGE EV 1199 13.jpg,rectangle,plastic,nike
2001,Aspect by Mister Spex Jamie 2001 004.jpg,round,plastic,house
2018,gucci Light-Rectangular-frame 2018.jpg,round,plastic,gucci
all,Gucci GG 0824S 005.jpg,rectangle,plastic,gucci
all,adidas SP0014 02A.jpg,round,plastic,adidas
all,Gucci GG 0654S 001.jpg,round,plastic,gucci
all,Vogue vo2961 2311.jpg,round,plastic,vogue
all,Prada PR 11XS 1AB5S0.jpg,rectangle,plastic,prada
all,Emporio Armani EA 4004 504613.jpg,rectangle,plastic,armani
all,Michael Kors Portillo MK 2083 300513.jpg,round,plastic,mk
2018,occhiali_black_vrients 2018.jpg,rectangle,plastic,occhiali
all,Marc Jacobs Marc 304 LHF.jpg,rectangle,plastic,marc jacobs
all,Nike Adrenaline EV 1114 001.jpg,rectangle,plastic,nike
all,Gucci GG 0569S 001.jpg,cat eye,plastic,gucci
all,adidas SP0008 02N.jpg,rectangle,plastic,adidas
all,Polo Ralph Lauren PH 4162 563580.jpg,rectangle,plastic,ralph
all,seen rcff11 bb.jpg,rectangle,plastic,house
all,Hawkers WHIMSY HWHI20BKT0.jpg,round,plastic,hawkers
all,VOGUE Eyewear VO 5337S 283911.jpg,rectangle,plastic,vogue
all,Nike ENDURE CW 4652 010.jpg,rectangle,plastic,nike
all,mexx 6383 100.jpg,round,plastic,house
all,Versace VE 4357 GB1.jpg,rectangle,plastic,versace
2018,NIKE6 kid 2018.jpg,rectangle,plastic,nike
all,Gucci GG 0734S 001.jpg,aviator,plastic,gucci
all,fendi ff 0410s 807.jpg,oversize,plastic,fendi
all,Oakley Frogskins Mix OO 9428 14.jpg,round,plastic,oakley
all,Timberland TB 9221 52D.jpg,rectangle,plastic,timberland
all,Tom Ford Tammy FT 0770 01B.jpg,round,plastic,tomford
all,Ted Baker Malin 1547 001.jpg,round,plastic,ted baker
all,Saint Laurent SL 277 001.jpg,rectangle,plastic,saint
all,Marshall_BRYAN-Black_Gold.jpeg,round,plastic,marshall
2018,gucci Light-Round-frame-with-star 2018.jpg,round,plastic,gucci
all,Guess GU 7681 52P.jpg,rectangle,plastic,guess
2018,gucci Light-Rectangular-frame1 man 2018.jpg,rectangle,plastic,gucci
all,Alpina DEFEY A8645.jpg,rectangle,plastic,alpina
all,fendi-peeakabo-square.jpg,rectangle,plastic,fendi
2018,gucci round with star 2018.jpg,rectangle,plastic,gucci
all,Fossil FOS 2091 807.jpg,round,plastic,fossil
all,CO Optical Zoe 2050 002.jpg,round,plastic,house
all,Michael Kors Carmel MK 2065 30058G.jpg,rectangle,plastic,mk
all,Saint Laurent SL 402 003.jpg,rectangle,plastic,house
2015,Mister Spex Collection Robert 2015 006.jpg,rectangle,plastic,house
2018,gucci Light-Round metal man 2018.jpg,rectangle,metal,gucci
all,c-line cnef27 bb.jpg,round,plastic,house
all,seen cfff08 bb.jpg,rectangle,plastic,house
all,Nike RABID EV 1109 1.jpg,rectangle,plastic,nike
all,Nike CHRONICLE P CW 4653 010.jpg,rectangle,plastic,nike
2018,gucci Light-Square-frame 2018.jpg,rectangle,plastic,gucci
all,Timberland TB 9125 01D.jpg,rectangle,plastic,timberland
all,Saint Laurent SL 281 SLIM 001.jpg,rectangle,plastic,house
all,Polaroid PLD 7005 YYV RC.jpg,rectangle,plastic,house
all,Guess GU 7701 52G.jpg,rectangle,plastic,guess
all,HUMPHREY eyewear 586115 60.jpg,round,plastic,humphrey
all,Oakley Eyejacket Redux OO 9438 01.jpg,round,plastic,okaley
all,Marshall_BOB.jpeg,rectangle,plastic,marshall
all,guess GU 7657 01C.jpg,rectangle,plastic,guess
all,polaroid pld 4058.jpg,round,plastic,house
all,Le Specs Promiscuous 2002193.jpg,cat eye,plastic,Le
all,gucci-square-glossy.jpg,oversize,plastic,gucci
all,Nike Brazen EV 0571 001.jpg,rectangle,plastic,nike
all,Emporio Armani EA 4145 50018G.jpg,cat eye,plastic,armani
2021,Aspect by Mister Spex Marcello 2021 002.jpg,rectangle,plastic,house
all,INFERNO RAGAZZI.jpg,round,plastic,ragazzi
2018,Specsavers kid 2018.jpg,rectangle,plastic,house
all,Oakley Frogskins Mix OO 9428 01.jpg,rectangle,plastic,house
all,Superdry LIZZIE 161.jpg,rectangle,plastic,house
all,WOOD FELLAS Hohenburg 10768.jpg,rectangle,plastic,fellas
all,Polaroid PLD 4098.jpg,oversize,plastic,house
2018,gucci Light-Square man 2018.jpg,rectangle,plastic,gucci
all,6761936_d1.jpg,round,metal,house
all,Michael Kors MK 2090 300613 DK TORT.jpg,cat eye,plastic,mk
all,L.G.R Orchid black.jpg,cat eye,plastic,house
all,Dolce&Gabbana DG 4372 193481.jpg,round,plastic,dolce
all,Tommy Hilfiger TH 1773.jpg,round,metal,tommy
all,Carolina Herrera VHE 874V 09HB.jpg,rectangle,plastic,herrera
all,Police ORIGINS 1 VPLA 51 300Y.jpg,round,metal,house
all,Lacoste L 2603ND 024.jpg,rectangle,plastic,lacoste
all,HUMPHREY«S eyewear 582312 70.jpg,rectangle,metal,humphrey
all,Fendi FF 0340 F DDB.jpg,round,metal,fendi
all,Police CUPE4 VPL 882 0568.jpg,rectangle,metal,house
2013,Calvin Klein CK 20130 201.jpg,round,metal,calvin
all,EOE Holmnas S Northern.jpg,round,metal,holmnas
all,Gucci GG 0799O 001.jpg,oversize,plastic,gucci
all,Carrera CARRERA 217 G.jpg,round,metal,carrera
all,HUMPHREYS eyewear 582311 70.jpg,rectangle,metal,humphrey
all,Longchamp LO 2128 512.jpg,round,metal,longchamp
all,Valentino VA 4048 50018G.jpg,rectangle,plastic,valentino
all,Kenzo KZ 50059 U 029.jpg,rectangle,metal,kenzo
all,Lacoste L 2602ND 214.jpg,round,metal,lacoste
all,Saint Laurent SL M66 002.jpg,round,metal,house
all,Saint Laurent SL 310 004.jpg,round,metal,house
all,HUMPHREYS eyewear 582325 21.jpg,round,metal,house
2012,Calvin Klein CK 20128 201.jpg,rectangle,metal,calvin
all,Rodenstock R 7096 B.jpg,round,complex,rodenstock
all,Polaroid PLD 2097 S 086c3.jpg,round,plastic,house
all,Prada Linea Rossa PS 01US DG0-5S0.jpg,rectangle,plastic,prada
all,Polaroid PLD 7025S EL9.jpg,rectangle,plastic,house
all,Miu Miu MU 58US 1AB5O0.jpg,round,plastic,miu miu
all,Ultralight Classics Luxyo 1133 003.jpg,round,metal,house
all,CO Optical CO1 1151 S22.jpg,round,metal,co
all,Comma 70095 65.jpg,round,metal,comma
all,Prada PR 05XS 1AB2.jpg,round,plastic,prada
all,Uvex lgl 33 pola 2250.jpg,rectangle,plastic,house
all,Calvin Klein CK 18111S 008.jpg,round,metal,calvin
all,Michael Kors Barbados MK 2072 333262.jpg,oversize,plastic,mk
all,Jos. Eschenbach 981040 30.jpg,round,metal,jos
all,Lisa-Marie Schiffner x Mister Spex.jpg,round,metal,lisa
all,VOGUE Eyewear VO 2943SB W44 11.jpg,oversize,plastic,vogue
all,Guess GU 7701 52G dark havana.jpg,rectangle,plastic,guess
all,Carolina Herrera VHE 875V 722Y.jpg,round,plastic,herrera
all,Rodenstock R 7104 A.jpg,round,metal,rodenstock
all,Police ORIGINS 1 VPLA 51 0568.jpg,round,metal,house
all,Calvin Klein CK 18534S 001.jpg,rectangle,plastic,calvin
all,Dior SOSTELLAIREO1 KB7.jpg,oversize,plastic,dior
all,Lozza GROSSETO 2 VL 2364 P8AK.jpg,round,metal,lozza
all,L.G.R Kikuyu 22.jpg,round,metal,house
all,havaianas ParatyM 09NUZ.jpg,rectangle,plastic,havaianas
all,Comma 70092 31.jpg,rectangle,metal,comma
all,Furla VFU 129 0700.jpg,round,plastic,furla
all,Polaroid PLD 4080S 807.jpg,round,plastic,house
all,Gucci GG 0439O 006.jpg,rectangle,metal,gucci
all,TITANFLEX 820842 10 schwarz semimatt.jpg,rectangle,metal,house
all,Giorgio Armani AR 101M 3260.jpg,round,complex,armani
all,Guess GU 7700 01C.jpg,round,plastic,guess
all,McQ MQ 0152S 001.jpg,cat eye,plastic,house
all,Longchamp LO 2127 601.jpg,round,metal,longchamp
all,Rodenstock R 2620 D.jpg,rectangle,metal,rodenstock
all,Jos. Eschenbach 981042 60.jpg,rectangle,metal,jos
all,Carrera CARRERA 220 G KJ1.jpg,round,metal,carrera
all,HUMPHREYS eyewear 582314 28.jpg,rectangle,metal,humphrey
all,Escada VESB 73 0A39.jpg,round,metal,escada
all,Michalsky for Mister Spex adore 001.jpg,cat eye,plastic,michalsky
all,Giorgio Armani AR 8115 5358 87.jpg,round,plastic,armani
all,ici berlin Sandy G.jpg,round,metal,house
all,Nike Rabid EV 1111 001.jpg,rectangle,plastic,nike
all,BOSS Boss 0974 S PJP.jpg,rectangle,plastic,boss
all,Calvin Klein CK 18122 001.jpg,rectangle,metal,calvin
all,Tom Ford Georgia FT 0498 S 01B.jpg,round,metal,tomford
all,Marc Jacobs Marc 403S C9A.jpg,round,plastic,marc jacobs
all,Esprit 33419 577.jpg,round,metal,esprit
all,Esprit 33420 505.jpg,rectangle,metal,esprit
all,Gucci GG 0003S 002.jpg,rectangle,plastic,gucci
all,VOGUE Eyewear VO 2843S W44 11.jpg,oversize,plastic,vogue
all,Marc Jacobs MARC 483 807.jpg,round,plastic,marc jacobs
all,Polaroid PLD 6124S VK6.jpg,heart,metal,house
all,Saint Laurent SL 181 LOULO 008.jpg,heart,plastic,house
all,MARC OPOLO Eyewear 502150 60.jpg,rectangle,metal,marc opolo
all,Lacoste L 2863 214.jpg,rectangle,plastic,lacoste
all,Saint Laurent SL 309 010.jpg,aviator,metal,house
all,Hugo Boss HG 1035 003.jpg,round,metal,hugo
all,Saint Laurent SL 301 LOULOU 004.jpg,heart,metal,house
all,Jaguar 6815 3100.jpg,round,complex,jaguar
all,Saint Laurent SL M31 003.jpg,round,plastic,house
all,Jos. Eschenbach 981029 60.jpg,rectangle,metal,jos
all,Dolce&Gabbana DG 6139 502 73.jpg,rectangle,plastic,dolce
all,Polaroid PLD 2097 S.jpg,round,plastic,house
all,WOOD FELLAS COCHEM 11013 6355.jpg,round,metal,wood fellas
all,Illesteva Marianne C4.jpg,round,plastic,house
all,Rodenstock R 7101 A.jpg,round,metal,rodenstock
all,Prada PR 02XS 1AB5Z1.jpg,cat eye,plastic,prada
all,Porsche Design P 8330 C ruthenium.jpg,round,metal,house
all,Uvex lgl 39 2416.jpg,rectangle,plastic,house
all,Michael Kors STOWE MK 2087U 333287.jpg,rectangle,plastic,mk
all,Marc Jacobs Marc 78 S 807.jpg,rectangle,plastic,marc jacobs
all,MARC OPOLO Eyewear 505065 10.jpg,round,metal,marc opolo
all,Hawkers SKY ONE 14004 LS.jpg,rectangle,plastic,hawkers
all,Furla VFU 249 0G14.jpg,round,plastic,furla
all,Longchamp LO 2136 730.jpg,rectangle,metal,longchamp
all,Calvin Klein CK 19118 716.jpg,round,metal,calvin
all,Guess GU 3054 01B.jpg,round,plastic,guess
all,Prada PR 02XS 542H top.jpg,cat eye,plastic,prada
all,Calvin Klein CK 20106 971.jpg,round,metal,calvin
all,CO Optical CO3 1153 S22.jpg,round,metal,co
all,Saint Laurent SL M65 002.jpg,round,metal,house
all,Police ORIGINS 24 VPLA 49 08H5.jpg,rectangle,metal,house
all,BOSS BOSS 1020 S 807.IR.jpg,rectangle,plastic,boss
all,Jos. Eschenbach 981573 60.jpg,round,metal,jos
all,Emporio Armani EA 1091 3232.jpg,round,metal,armani
all,Tommy Hilfiger TH 1698 G J5G.jpg,round,metal,tommy
all,Police Vk097 06e1.jpg,rectangle,plastic,house
all,Police Vpla43 Blue.jpg,round,plastic,house
all,Calvin Klein Ck5462 001.jpg,round,plastic,calvin
all,Police Vpl973j 0k05.jpg,rectangle,metal,house
all,Lacoste L2739 001.jpg,rectangle,plastic,lacoste
all,Boss Orange Bo 0206 9fx.jpg,rectangle,plastic,boss
all,Weldon 3510 C1.jpg,rectangle,plastic,weldon
all,Fisher 2398 C4.jpg,rectangle,plastic,fisher
all,Police Vpl502 0700.jpg,rectangle,plastic,house
all,Weldon 3530 C1.jpg,round,plastic,weldon
all,Guess Gu9179 001.jpg,rectangle,plastic,guess
all,Hugo Boss Hg 0327 003.jpg,round,complex,boss
all,Weldon 3542 C2.jpg,rectangle,plastic,weldon
all,Lacoste L2820 214.jpg,round,plastic,lacoste
all,Lacoste L2840 001.jpg,rectangle,plastic,lacoste
all,Hugo Boss 0872 05n.jpg,round,plastic,boss
all,Calvin Klein Ck544 426 Blk.jpg,rectangle,plastic,calvin
all,Lacoste L2820 001.jpg,round,plastic,lacoste
all,Guess Gu1973f 001.jpg,round,plastic,guess
all,Guess Gu9180 091.jpg,rectangle,metal,guess
all,Calvin Klein Ck544 426.jpg,rectangle,plastic,calvin
all,Felix H1021 C51.jpg,rectangle,plastic,felix
all,Kimble Ld2404 C2.jpg,rectangle,plastic,kimble
all,Fisher 2456 C2.jpg,round,plastic,fisher
all,Kimble 2449 C4.jpg,rectangle,plastic,kimble
all,Hugo Boss Bo0116 9yi.jpg,rectangle,plastic,boss
all,Rodenstock.jpg,rectangle,plastic,rodenstock
all,Fisher 2456 C4.jpg,round,plastic,fisher
all,Police Vpl841 0302.jpg,round,metal,house
all,Lacoste L2767 214.jpg,round,plastic,house
all,Weldon 3520 C2.jpg,round,plastic,weldon
all,Calvin Klein Ckj 444 028.jpg,round,plastic,calvin
all,Police Vpl635 Blk.jpg,round,plastic,house
all,Weldon 3510 C02.jpg,round,plastic,weldon
all,Kimble 2402 C1.jpg,rectangle,plastic,kimble
all,Fisher 2398 C2.jpg,rectangle,plastic,fisher
all,Fisher 2459 C2.jpg,rectangle,plastic,fisher
all,Fisher 2414 C2.jpg,round,plastic,fisher
all,Weldon 3523 C2.jpg,round,plastic,weldon
all,Kimble 2449 C2.jpg,rectangle,plastic,kimble
all,Fisher 2428 C4.jpg,rectangle,plastic,fisher
all,Police Vplb58 0302.jpg,round,plastic,house
all,Kimble 2402 C4.jpg,rectangle,plastic,kimble
all,Tommy Hilfiger Th1404 R61.jpg,rectangle,plastic,tommy
all,Ted Baker 9103 001.jpg,round,plastic,ted baker
all,Hugo Boss Hg 1033 08a.jpg,rectangle,complex,boss
all,Reah.jpg,round,plastic,reah
all,Calvin Klein Ckj19506 001.jpg,round,plastic,calvin
all,Kimble 2449 C8.jpg,rectangle,plastic,kimble
all,Lacoste L2707 003.jpg,rectangle,plastic,lacoste
all,Lacoste L2779a 024.jpg,round,plastic,lacoste
all,Norfolk.jpg,rectangle,plastic,norfolk
all,Alan Junior Tk6110 C4.jpg,round,plastic,alan
all,Lacoste L2170a 001.jpg,rectangle,plastic,lacoste
all,Mimsa.jpg,round,metal,mimsa
all,Kimble 2452 C2.jpg,rectangle,plastic,kimble
all,Kimble Ld2404 C1.jpg,rectangle,plastic,kimble
all,Police Vpl635 096g.jpg,round,plastic,house
all,Kimble 2402 C2.jpg,rectangle,plastic,kimble
all,Police Vpla43 06qs.jpg,round,plastic,house
all,Hugo Boss Hg 1062 Oit.jpg,round,complex,boss
all,Hugo Boss Hg 1044 Pjp.jpg,round,plastic,boss
all,Fisher 2428 C2.jpg,rectangle,plastic,fisher
all,Lacoste L2796 604.jpg,rectangle,plastic,lacoste
all,Calvin Klein Ckj911 026.jpg,rectangle,plastic,calvin
all,Ted Baker B763uf Blk.jpg,rectangle,plastic,ted baker
all,Brit Club Cfc8071 C1.jpg,rectangle,plastic,brit
all,Kimble 2452 C1.jpg,rectangle,plastic,kimble
all,Lacoste L2795 001.jpg,round,plastic,lacoste
all,Fisher 2403 C1.jpg,rectangle,plastic,fisher
all,Corwin Ld2434 C6.jpg,aviator,plastic,corwin
all,Police Vpl505 Blk.jpg,round,plastic,house
all,Guess Gu1957 070.jpg,round,plastic,guess
all,Lacoste L2692 414.jpg,rectangle,plastic,lacoste
all,Lacoste L2707 002.jpg,rectangle,plastic,lacoste
all,Hugo Boss Hg 0334 003.jpg,rectangle,plastic,boss
all,Lacoste L2819 315.jpg,rectangle,plastic,lacoste
all,Guess Gu2625 005.jpg,rectangle,plastic,guess
all,Felix 3370 C08.jpg,rectangle,plastic,felix
all,Kimble Ld2404 C4.jpg,rectangle,plastic,kimble
all,Kate Spade Jacey Wr7.jpg,rectangle,plastic,house
all,Calvin Klein Ck5902a 214.jpg,round,plastic,calvin
all,Police Vpl485 096g.jpg,rectangle,plastic,house
all,Fisher 2414 C1.jpg,round,plastic,fisher
all,Police Vplb58 08ht.jpg,round,plastic,house
all,Lacoste L2801a 210.jpg,round,plastic,lacoste
all,Kimble 2449 C1.jpg,rectangle,plastic,kimble
all,Guess Gu2748 005.jpg,rectangle,plastic,guess
all,Police Vpl801 Oj58.jpg,round,plastic,house
all,Fisher 2414 C4.jpg,round,plastic,fisher
all,Prrissm.jpg,round,plastic,house
all,Calvin Klein Ck18516 311.jpg,rectangle,plastic,calvin
all,Calvin Klein Ckj18705 001.jpg,rectangle,plastic,calvin
2020,Jings P10500 2020.jpg,rectangle,plastic,house
all,Tom Ford Tony FT 0756 52B.jpg,aviator,plastic,tomford
2018,OEM FJ8035 2019.jpg,round,plastic,house
2021,gucci- 56mm 2021.webp,rectangle,plastic,gucci
all,Kate Spade Cristi Jdt.jpg,cat eye,plastic,house
2019,glasses frames for girls 2019.jpg,round,metal,house
2021,oem women 49175 2021.jpg,round,complex,house
2019,acetate 2019.jpg,round,plastic,house
2019,OEM 566 2019.png,aviator,plastic,house
all,Jings JY2180a.jpg,round,plastic,house
all,Dolce&Gabbana DG 4384 501.jpg,rectangle,plastic,dolce
all,Police Vpl841 0539.jpg,round,metal,house
all,Puma PU 0308S 001.jpg,aviator,plastic,puma
2019,xiamen rimless sunglasses 49499 2019.jpg,round,plastic,xiamen
2017,rayban metal round 2017.jpg,round,complex,rayban
2021,Maui-Jim-World-Cup 2021.jpg,rectangle,plastic,house
all,Alan Junior Tk6112 C1.jpg,round,plastic,alan
2018,conchen F1711 2018.jpg,rectangle,plastic,conchen
2019,oem 8006 2019.jpg,rectangle,plastic,house
2021,women sunglasses custom women 49175 2021.jpg,round,complex,house
all,Versace VE 4307 GB1.jpg,rectangle,plastic,versace
all,THREE HIPPOS 82001.png,aviator,plastic,house
all,Lacoste L867s 604.jpg,rectangle,plastic,lacoste
2020,OEM GLS-01-0015-1 2020.jpg,round,metal,house
2019,Jings 49120 2019.jpg,rectangle,plastic,jings
2019,yuhuang 1507 2019.png,round,metal,house
all,Police Vplc26 09gu.jpg,cat eye,plastic,house
2021,Maui-Jim-Spartan-Reef 2021.jpg,rectangle,plastic,house
2019,PRIDE OF THE EYE P8659 2019.jpg,rectangle,plastic,house
all,Osilake OS-W5581.jpg,round,plastic,osilake
2019,Lonsy LS2901 2019.jpg,rectangle,plastic,lonsy
all,Stella McCartney SC 0171S 001.jpg,round,plastic,stella
all,Dieter 1163 Blk.jpg,rectangle,metal,dieter
all,Deboraha.jpg,round,plastic,house
2019,One-Piece Alien Sun Glasses 2019.jpg,rectangle,plastic,house
2019,JY SG-149 2019.png,rectangle,plastic,house
all,Osicare OS-M0947.jpg,round,metal,osilake
2019,smith longfin 2019.jpg,rectangle,plastic,smith
2018,Rlei Di L21400 2018.jpg,rectangle,plastic,house
2019,no 93207 2019.jpg,rectangle,plastic,house
2019,OEM m4361 2019.png,rectangle,plastic,house
2018,Sifier SF8E01 2018.jpg,round,plastic,house
2020,Conchen 8002-1 2020.jpg,round,plastic,conchen
2019,90s INSPIRED 2019.png,rectangle,metal,house
2019,Rlei Di VIN TIGER 2019.jpg,rectangle,plastic,house
all,Dieter 1163 Black.jpg,rectangle,metal,dieter
2019,gigi-barcelona 2019.jpg,rectangle,metal,house
2019,OK 93225 2019.jpg,rectangle,plastic,house
all,Osilake OS-W5557.jpg,rectangle,plastic,osilake
all,Tom Ford Tony FT 0756 01A.jpg,aviator,plastic,tomford
all,Tom Ford Dax FT 0751-N 01A.jpg,rectangle,plastic,tomford
all,Ray-Ban Round Metal RB 3447 919931.jpg,round,metal,rayban
all,Jings 49387.jpg,rectangle,plastic,jings
all,OEM 49367.jpg,rectangle,plastic,house
2019,PAN DA A3014-1 2019.jpg,round,plastic,house
all,OEM P10468-1.jpg,rectangle,plastic,house
all,Tom Ford Anya FT 0762 01A.jpg,cat eye,plastic,tomford
all,Ralph RA 5206 137813.jpg,rectangle,plastic,ralph 
all,Neumann Ty075 C1.jpg,cat eye,plastic,paul newman
all,Sifier DY-Anna.jpg,round,plastic,house
2019,oem UV400 Promotional 2019.jpg,round,plastic,house
2019,CRAMILO CJ8065 2019.jpg,round,plastic,house
2021,gucci-designer thick 2021.webp,round,plastic,gucci
all,Osicare OS-MT613.jpg,round,metal,osilake
all,Neumann Ty031 C2.jpg,round,plastic,paul newman
2020,OEM 7728 2020.jpg,round,complex,house
2019,Mass 15969 2019.jpg,rectangle,plastic,house
2019,OEM SG-SG-009 2018 2019.jpg,cat eye,metal,house
all,Conchen 6208.jpg,round,metal,conchen
2019,iVision V10246-1 2019.jpg,rectangle,plastic,house
all,Police Vpl286 0700.jpg,cat eye,plastic,house
all,Dolce&Gabbana DG 6134.jpg,aviator,plastic,dolce
all,Ray-Ban New Wayfarer RB 2132 622.jpg,rectangle,plastic,rayban
2019,Boston watts 2019.jpg,round,plastic,house
2002,Le Specs No Lurking 2002206.jpg,cat eye,complex,house
all,KingSwit KS014.jpg,rimless,metal,kingswit
all,Dolce&Gabbana DG 6134 675.jpg,aviator,plastic,dolce
2019,NO brand FZ042 2019.jpg,round,plastic,house
all,Xaridery.jpg,round,plastic,house
all,Saint Laurent SL 214 KATE 001.jpg,oversize,plastic,house
all,Truesdale S8003 C1.jpg,rectangle,plastic,house
all,Prada PR 12XS 1AB0A7.jpg,oversize,plastic,prada
2019,WIRE 2 2019.png,round,metal,house
all,Truesdale S8004 C1.jpg,round,plastic,house
all,Tommy Hilfiger Th 1484 Lhf.jpg,round,plastic,tommy
2019,metal 2019.jpg,round,metal,house
2019,oem B6079 2019.jpg,round,metal,house
2019,Sifier DY8001 2019.jpg,round,plastic,house
all,Corwin Ld2477 C2.jpg,round,plastic,house
all,Polo Ralph Lauren PH 4098 5563.jpg,rectangle,plastic,ralph 
2019,Sinde G2 2019.jpg,rectangle,plastic,house
2019,Sifier DY-7901S 2019.jpg,rectangle,plastic,house
all,PC Mn850045090.png,round,plastic,house
all,Prada 3SS 1AB-0A7PR 53SS 1AB-0A7.jpg,oversize,plastic,prada
all,KING SWIT KS0768.jpg,round,plastic,house
all,Hugo Boss HG 1106.jpg,oversize,plastic,boss
all,Hawkers DARK ROW X RO18X01.jpg,oversize,plastic,hawkers
all,SR868-CM.jpg,round,complex,house
all,Dior Ladydiorstuds3 807.jpg,round,plastic,Dior
2019,xxin 66007 2019.jpg,round,metal,house
all,OEM P10476-1.jpg,rectangle,plastic,house
2019,Conchen ZH3603C 2019.jpg,round,metal,conchen
all,Kate Spade Jonnie Vpv.jpg,rectangle,plastic,house
2021,Maui-Jim-Wassup 2021.jpg,rectangle,plastic,house
all,Osicare OS-JT9116.jpg,round,plastic,osilake
2019,FIERCE GEOMETRIC 2019.png,rectangle,plastic,house
2021,Maui-Jim-Island-Time 2021.jpg,rectangle,plastic,house
2019,Myopia Cat Eye 2019.jpg,cat eye,plastic,myopia
all,Hugo Boss 1554 C9a.jpg,round,plastic,boss
all,Hawkers HN3520BBX0.jpg,rectangle,plastic,hawkers
2019,No MP3307-1 2019.png,round,plastic,house
2019,SY 9074 2019.png,rectangle,plastic,house
all,Fisher 2405 C1.jpg,round,plastic,fisher
all,Fisher 2435 C2.jpg,cat eye,plastic,fisher
all,Sifier SF7614S.jpg,rectangle,plastic,house
all,Emporio Armani EA 4079 5042.jpg,rectangle,plastic,armani
2020,Custom 49767 2020.jpg,aviator,plastic,house
2020,sun sydney 2020.jpg,rectangle,plastic,house
2019,oem 004 2019.jpg,round,plastic,house
all,Gucci GG 0208S 001.jpg,oversize,plastic,gucci
2019,OEM MM17195 2019.jpg,rectangle,plastic,house
all,Italia Repubblica Is031 C4.jpg,round,plastic,house
all,Tom Ford Eric-02 FT 0595.jpg,rectangle,plastic,tomford
all,Kate Spade Dariela Pjp.jpg,round,complex,house
2020,ocean 2020.jpg,rectangle,plastic,house
all,OEM P10500.jpg,round,plastic,house
all,Neumann Ty031 C1.jpg,round,plastic,paul newman
2019,CRAMILO CJ5010 2019.jpg,cat eye,complex,house
2019,oem GF726 2019.jpg,round,plastic,house
2019,Rlei Di L41710 2019.jpg,round,plastic,house
2019,Jings Eyewear P10559 2019.jpg,round,plastic,jings
all,Versace VE 4388 GB1.jpg,cat eye,plastic,versace
all,Guess Gu2786 002.jpg,round,metal,guess
all,Bottega Veneta BV 1079SK 001.jpg,rectangle,plastic,bottega
2021,oem GLS-01-0015-1 2021.jpg,round,metal,house
2018,Osilotte OSA062 2018.jpg,cat eye,complex,osilake
all,Dieter 1186 Gun.jpg,rectangle,metal,dieter
2019,DOISYER 8040 2019.jpg,round,plastic,house
2019,bamboo 2019.jpg,rectangle,plastic,house
all,Blythe Outdoor Windproof.jpg,aviator,plastic,house
all,Dieter 1163 Gun.jpg,rectangle,metal,dieter
all,David Beckham DB 1008.jpg,round,plastic,house
all,Ray-Ban Erika RB 4171 6315.jpg,round,plastic,rayban
all,WIRE 3 2019.png,round,metal,house
all,Osicare OS-MT617.jpg,round,metal,osilake
2019,Sun Bonny SBOA013 2019.jpg,round,plastic,house
2020,USOM US057 2020.png,rectangle,plastic,house
2020,Jings P10618 2020.jpg,round,plastic,jings
2019,Conchen XH1698P 2019.jpg,rectangle,plastic,conchen
2019,ARCHI metal 1 2019.png,round,metal,house
2019,zhegan ZG092004 2019.jpg,round,plastic,house
2019,Mutrics GK05 2019.jpg,rectangle,plastic,house
2019,Meetshine YC018 2019.jpg,rectangle,plastic,house
all,Custom SPM-19005.jpg,round,complex,house
all,Borregls 28606.jpg,rectangle,metal,house
2020,Meetshine UNA C 2020.jpg,round,plastic,house
2018,Superhot 201001 2018.jpg,round,plastic,house
2019,JY SG-133 2019.png,rectangle,metal,house
2020,AORON 228 2020.png,aviator,metal,aoron
2019,SUPERHOT 17532 2019.jpg,aviator,plastic,house
2019,Kiki SK294 2019.png,round,metal,kiki
all,Custom SPA-19022.jpg,cat eye,plastic,house
all,AORON 5218.jpg,rectangle,plastic,aoron
2020,Custom SPA-19047 2020.jpg,round,plastic,house
2019,PRIDE OF THE EYE P8606 2019.png,rectangle,plastic,house
all,Superhot 11345.jpg,aviator,plastic,house
all,ProudDemon f95204.jpg,rectangle,plastic,house
all,icecat 88010.jpg,round,metal,house
2019,Superhot 23337 2019.jpg,aviator,plastic,house
all,Custom 136BL03.jpg,round,metal,house
all,Custom SPA-19056.jpg,round,plastic,house
2019,OEM A395 2019.jpg,rectangle,metal,house
2019,Sparloo 5005 2019.png,round,plastic,house
all,AORON A576.png,round,plastic,aoron
2019,OEM TR1575 2019.jpg,round,plastic,house
all,Custom 858BL04.jpg,round,plastic,house
2019,customized KM90152 2019.jpg,rectangle,plastic,house
2019,AORON 3447PG 2019.jpg,round,metal,aoron
2020,Superhot 27037 2020.jpg,round,plastic,house
2019,MAX MX29943 2019.png,oversize,plastic,house
all,AORON 801PG.png,round,metal,aoron
all,Sparloo P8001.jpg,aviator,plastic,house
all,icecat 88011.jpg,round,metal,house
2019,Meetshine YA001 2019.jpg,rectangle,plastic,house
all,Sparloo P8019.jpg,rectangle,plastic,house
all,Custom SPA-19028.jpg,round,plastic,house
2019,AORON A559 2019.png,rectangle,plastic,aoron
all,Custom SPA-19026.jpg,round,plastic,house
2019,Meetshine YA008 2019.jpg,round,plastic,house
2019,Sparloo P8652 2019.jpg,rectangle,plastic,house
2019,ProudDemon M1806 2019.png,aviator,plastic,house
2020,Meetshine CHAMELEON 2020.jpg,cat eye,metal,house
all,AORON A600.png,aviator,plastic,aoron
2020,ProudDemon J66306 2020.png,aviator,plastic,house
2019,Benola 1916 2019.png,oversize,plastic,benola
2019,Custom 129ONETIMBE 2019.jpg,round,metal,house
2019,SUPERHOT 23637 2019.jpg,aviator,plastic,house
2019,Custom 871RS837 2019.jpg,rectangle,plastic,house
all,Custom 858BL01.jpg,rectangle,plastic,house
all,Borregls 28613.jpg,round,complex,house
all,Custom SPA19037.jpg,rectangle,plastic,house
all,AORON 6017.png,rectangle,metal,aoron
all,Borregls 17203.jpg,rectangle,plastic,house
2019,AORON A569PG 2019.jpg,round,plastic,aoron
all,GRAVIATE kids E12A7138.webp,rectangle,plastic,house
all,OEM 118801.jpg,round,plastic,house
all,AORON 1012.png,rectangle,metal,aoron
all,Borregls 8512.jpg,rectangle,complex,house
2020,icecat 66012 2020.jpg,round,metal,house
2019,AORON 883 2019.png,round,complex,aoron
2019,Meetshine YMZ002 2019.jpg,round,metal,house
2019,Custom brand 8581025 2019.jpg,cat eye,plastic,house
all,AORON 1002W.png,round,complex,aoron
all,Meetshine Solo.jpg,cat eye,plastic,house
2019,ODM HYLD2840 2019.png,rectangle,plastic,house
2020,icecat 88036 2020.jpg,round,metal,house
2020,icecat 7058 2020.jpg,rectangle,plastic,house
2019,Two circles OO918 2019.png,aviator,plastic,house
2019,Custom 129YOK004 2019.jpg,round,metal,house
all,Custom L118.jpg,rectangle,plastic,house
all,AORON 3121.png,rectangle,complex,aoron
2019,juelun 1846 2019.jpg,aviator,complex,house
2020,ando 2020.jpg,round,complex,house
all,AORON A530.jpg,aviator,metal,aoron
all,Custom 858BL02.jpg,round,plastic,house
2019,Sparloo 1751 2019.jpg,rectangle,plastic,house
all,Sparloo D818.jpg,aviator,plastic,house
all,AORON 28006.png,round,metal,aoron
all,AORON A410.png,oversize,plastic,aoron
all,Sparloo D166.jpg,rectangle,plastic,house
2019,Lumia 10610-10 2019.png,round,complex,house
2019,OEM 2023 2019.png,undifined,metal,house
all,Sparloo P8816.jpg,rectangle,plastic,house
all,AORON 28007.jpg,round,metal,aoron
all,GRAVIATE kids E12C7122.webp,rectangle,plastic,house
all,Roupai 9788.png,round,plastic,house
1971,AORON 1971.png,oversize,metal,aoron
all,Custom SPA-19013.jpg,round,plastic,house
2020,Borregls 18523 2020.jpg,rectangle,plastic,house
all,Gucci GG0209O 001.jpg,round,plastic,gucci
2020,tom ford wayfarer 2020.jpg,rectangle,plastic,tomford
all,SUNGLASS.LA B332-01.jpg,round,plastic,house
2018,LE SKINNY 2018.png,cat eye,plastic,house
all,cutler and gross 1341.jpg,rectangle,plastic,house
all,Landen ZOX723043-01.png,oversize,plastic,house
all,Deleon ZWA034649-01.png,round,plastic,house
all,Judy VFP0158-01.png,cat eye,plastic,house
all,Driscoll ZOA02040-04.png,cat eye,plastic,house
all,Geoffrey ZOP313158-02.png,oversize,plastic,house
all,cutler and gross 1342.jpg,aviator,plastic,house
all,Claudette ZOA01968-01.png,cat eye,plastic,house
all,Depp ZOP01884-03.png,cat eye,plastic,house
2020,dior homme gold-tone 2020.jpg,aviator,metal,Dior
all,Demetrius ZOP01983-01.png,cat eye,plastic,house
all,Alfred ZWA01753-05.png,round,plastic,house
all,CasperSunBlack1.jpg,round,plastic,house
all,Mckenzie ZOP168655-02.png,oversize,plastic,house
all,SUNGLASS.LA B076-01.jpg,cat eye,plastic,house
all,Tristan ZOA391157-02.png,oversize,plastic,house
all,cutler and gross 0736.jpg,round,plastic,house
all,SULLIVAN.jpg,rectangle,plastic,sullivan
all,Aladdin kids ZWT755965-01.png,round,plastic,house
all,Brandon VFP0306-02.png,oversize,plastic,house
all,Nehemiah ZWA724842-01.png,undifined,plastic,house
all,cutler and gross 1350.jpg,cat eye,plastic,house
all,cutler and gross 1330.jpg,cat eye,plastic,house
all,Faithe FA0654-02.png,round,plastic,house
all,cutler and gross 1375.jpg,aviator,plastic,house
all,cutler and gross 0734V2.jpg,round,plastic,house
all,cutler and gross 1204.jpg,undifined,plastic,house
all,ABBEY.jpg,round,plastic,abbey
all,Tallulah FP0341-01.png,cat eye,complex,house
all,Zander ZGM282046-01.png,undifined,metal,house
all,Erkrath ZWA579252-03.png,oversize,plastic,house
all,SUNGLASS.LA B750-01.jpg,round,plastic,house
all,Wisdom ZOX763099-01.png,undifined,plastic,house
all,SUNGLASS.LA B278-01.jpg,round,plastic,house
all,Perry ZOM944324-01.png,undifined,metal,house
all,SUNGLASS.LA B504-05.jpg,cat eye,plastic,house
all,Cecile FP0662-04.png,undifined,plastic,house
all,cutler and gross 1336.jpg,round,complex,house
all,Nikki ZGX066079-01.png,oversize,plastic,house
all,Tiffany ZOI998123-03.png,round,metal,house
2020,dsquared2 2020.jpg,round,plastic,house
all,Yaritza ZOT006813-01.png,oversize,plastic,house
all,cutler and gross 1285.jpg,oversize,plastic,house
all,cutler and gross 1365.jpg,aviator,plastic,house
all,cutler and gross 1291V2.jpg,round,plastic,house
all,SUNGLASS.LA B864-01.jpg,round,plastic,house
all,Wilder ZGM372191-01.png,undifined,plastic,house
2020,ray-ban RB3447V 2020.jpg,round,metal,rayban
all,Reba ZP0940-01.png,round,plastic,house
all,SUNGLASS.LA B916-02.jpg,round,plastic,house
all,Harrell ZOP049594-01.png,round,plastic,house
all,Arthur FA0178-02.png,undifined,plastic,house
all,SUNGLASS.LA B486-01.jpg,cat eye,plastic,house
2020,oliver people 2020.jpg,round,plastic,house
all,Trenton ZOP01956-01.png,cat eye,plastic,house
all,Sean FP0124-02.png,round,plastic,house
all,Harry ZOI716520-01.png,undifined,metal,house
all,cutler and gross 0317.jpg,round,plastic,house
all,cutler and gross 0822V2.jpg,aviator,plastic,house
all,Quincey ZOP725733-02.png,oversize,plastic,house
all,SUNGLASS.LA B482-01.jpg,undifined,complex,house
all,Galloway ZGA455778-01.png,rectangle,plastic,house
all,cutler and gross 1374.jpg,round,plastic,house
all,cutler and gross 1354D.jpg,aviator,plastic,house
2020,Prada Linea Rossa 1990s 2020.jpg,rectangle,plastic,prada
all,cutler and gross 1356D.jpg,round,plastic,house
all,Alberta FP0668-08.png,oversize,plastic,house
all,Gopher kids ZWA734062-01.png,round,plastic,house
all,Cally ZOA01798-01.png,undifined,plastic,house
all,Frechen ZGM559668-01.png,aviator,metal,house
all,cutler and gross 1305.jpg,rectangle,plastic,house
all,Calhoun OA01776-01.png,round,plastic,house
all,Hilary FX0206-06.png,cat eye,plastic,house
all,Ringstaff ZTM863291-03.png,round,metal,house
all,cutler and gross 1326.jpg,rectangle,plastic,house
all,Fezell ZTT123484-01.png,undifined,plastic,house
all,Matthew FX0536-01.png,round,complex,house
all,SUNGLASS.LA B483-01.jpg,aviator,plastic,house
all,cutler and gross 1339.jpg,rectangle,plastic,house
all,Alfred ZWA01753-01.png,cat eye,plastic,house
all,Dexter ZOA02007-01.png,oversize,plastic,house
2020,marc jacobs 2020.jpg,aviator,metal,jacobs
all,cutler and gross 1366.jpg,aviator,plastic,house
all,Arale FA0176-01.png,round,plastic,house
all,Shana ZOI946147-01.png,round,metal,house
all,Goofy kids OT413672-05.png,round,plastic,house
all,cutler and gross 1233.jpg,round,plastic,house
all,DAE.png,oversize,plastic,house
all,Martine ZOT389022-01.png,cat eye,complex,house
all,Calhoun ZOA01776-08.png,round,plastic,house
all,Paola FA0602-01.png,rectangle,plastic,house
all,cutler and gross 1327.jpg,round,plastic,house
all,Bond_7.jpg,round,plastic,house
all,Galmore ZGA075836-01.png,round,plastic,house
all,Paxton ZOP911170-02.png,round,plastic,house
all,LAUREL.jpg,round,plastic,house
all,Saul FP0877-01.png,cat eye,plastic,house
all,cutler and gross 1340.jpg,aviator,plastic,house
all,SULLIVANBLUE-LIGHT.jpg,round,plastic,sullivan
all,Peffer ZWA178431-01.png,undifined,plastic,house
2020,alyssa-crocodile 2020.jpg,round,plastic,house
all,Payton ZOT465170-03.png,undifined,plastic,house
all,Garbsen ZOI986882-01.png,round,metal,house
all,cutler and gross 1356.jpg,round,plastic,house
all,Steven ZOT176792-01.png,undifined,plastic,house
all,Qatar OP01892-04.png,oversize,plastic,house
all,Travis ZWA158859-01.png,aviator,plastic,house
all,Eleanora ZOT02144-01.png,cat eye,plastic,house
all,cutler and gross 1274.jpg,round,metal,house
all,Charmaine ZOA01901-01.png,oversize,plastic,house
all,cutler and gross 0935.jpg,rectangle,plastic,house
all,cutler and gross 1007.jpg,round,complex,house
all,cutler and gross 0772V2.jpg,rectangle,plastic,house
all,Paisley ZOP010193-05.png,rectangle,plastic,house
all,Oakley Sunglass Crossrange XL.jpg,rectangle,plastic,oakley
all,cutler and gross 1364.jpg,aviator,plastic,house
all,Nguyen ZTM865428-02.png,round,metal,house
all,cutler and gross.jpg,rectangle,plastic,house
all,SUNGLASS.LA B838-01.jpg,aviator,plastic,house
all,Indira FP0665-02.png,cat eye,plastic,house
all,Rodz ZTX548130-01.png,cat eye,plastic,house
all,Taylor VFT0269-03.png,oversize,plastic,house
all,Burnley ZOT865063-01.png,round,plastic,house
all,Gefell ZOI731923-01.png,round,metal,house
all,Sam FP0432-01.png,round,plastic,house
all,SUNGLASS.LA B648-02.jpg,round,plastic,house
all,CELINE 1355190.png,oversize,plastic,celine
2017,RAY-BAN 201718M133034.jpg,rectangle,plastic,rayban
all,MCQ 211461F005004.jpg,round,complex,house
all,Alexa Chung x Sunglass Hu.jpg,rectangle,plastic,house
all,Isabel Marant 55MM Square.png,round,plastic,house
all,SUNGLASS.LA BC287-01.jpg,rectangle,plastic,house
all,JACQUES MARIE MAGE 1405860.jpg,rectangle,plastic,house
all,ALDO Oloarwen.jpg,rectangle,plastic,house
all,ALEXANDER MCQUEEN 211259M133002.jpg,rectangle,plastic,house
all,SUNGLASS.LA BC252-01.jpg,round,complex,house
all,RAY-BAN 211718M134043.jpg,rectangle,plastic,rayban
all,ALDO Rudakova.jpg,round,metal,aldo
all,KUBORAUM 211872M133026.jpg,rectangle,plastic,house
all,RAY-BAN 211718M134046.jpg,round,plastic,rayban
all,BOTTEGA VENETA 211798M134014.jpg,undifined,plastic,bottega
all,DITA 211789M134020.jpg,rectangle,plastic,house
2020,Prada Square acetate 2020.jpg,rectangle,plastic,prada
all,MATSUDA 211167M133030.jpg,rectangle,metal,matsuda
all,THIERRY LASRY 211463M134004.jpg,round,plastic,house
all,THIERRY LASRY 211331M133017.jpg,rectangle,plastic,house
all,FENDI Baguette.jfif,aviator,metal,fendi
all,Prada Panto-frame.jpg,round,plastic,prada
all,THOM BROWNE TB916.jpg,rectangle,complex,thom
all,DRIES VAN NOTEN 211358M134397.jpg,rectangle,plastic,house
all,CHIMI 3I-XAK017.png,round,plastic,house
all,DIOR 1410904.png,aviator,plastic,Dior
all,RAY-BAN 211718M133065.jpg,round,metal,rayban
all,THIERRY LASRY 211463M134010.jpg,round,plastic,Thierry
all,ALDO Nellia Cat eye.jpg,cat eye,metal,aldo
2020,RYANNE MYA51 S20.png,undifined,plastic,house
all,THOM BROWNE 202381M133490.jpg,aviator,plastic,thom
all,RAEN 211027M133028.jpg,round,metal,raen
all,BALENCIAGA 211342F005419.jpg,undifined,plastic,balenciaga
all,ALDO Brylska.jpg,cat eye,complex,aldo
all,SUNGLASS.LA BC031-04.jpg,round,plastic,house
all,KUBORAUM 211872M133029.jpg,rectangle,plastic,house
all,Missoni cat-eye.jpg,cat eye,plastic,missoni
all,KUBORAUM 211872M134008.jpg,round,plastic,house
all,DIOR P00552417.jpg,round,plastic,Dior
all,ALEXANDER MCQUEEN 211259M134004.jpg,rectangle,plastic,alexander
all,SUNGLASS.LA BC511-03.jpg,undifined,plastic,house
all,GUCCI 211451M134322.jpg,round,metal,gucci
all,JACQUES MARIE MAGE Dealan.jpg,rectangle,plastic,house
all,SUNGLASS.LA BC375-04.jpg,cat eye,plastic,house
all,Vogue x Millie Bobby Brown.jpg,rectangle,complex,house
all,SAINT LAURENT 211418M134021.jpg,rectangle,plastic,saint
all,MATSUDA 211167M133037.jpg,round,metal,matsuda
all,MATSUDA 211167M133036.jpg,round,metal,matsuda
all,RAY-BAN 211718M134003.jpg,rectangle,plastic,rayban
all,THIERRY LASRY 211331M133011.jpg,aviator,plastic,Thierry
all,JACQUES MARIE MAGE Edie.jpg,undifined,plastic,house
all,RAY-BAN 211718M134024.jpg,round,metal,rayban
all,YUICHI TOYAMA 211076M133008.jpg,rectangle,complex,yuichi
all,VALENTINO 211476F005781.jpg,undifined,metal,valention
all,SUNGLASS.LA BC003-02.jpg,aviator,plastic,house
all,RAEN 211027M134021.jpg,round,plastic,raen
all,RAY-BAN 211718M133063.jpg,undifined,metal,rayban
all,FENDI 211693M133393.jpg,rectangle,complex,fendi
all,OLIVER PEOPLES THE ROW 192844M134009.jpg,rectangle,metal,house
all,my my my RYANNE.png,undifined,plastic,house
all,GUCCI GG0732S.png,aviator,plastic,gucci
all,GUCCI 211451M134330.jpg,round,plastic,gucci
all,MCQ 211461F004010.jpg,undifined,metal,house
all,GUCCI 211451M134306.jpg,rectangle,complex,gucci
all,GUCCI 211451M134294.jpg,aviator,plastic,gucci
all,DITA 211789M133005.jpg,round,plastic,house
all,Miu Miu 0MU 05XS 55 1AB5S0.png,cat eye,plastic,miu miu
all,SUNGLASS.LA BC073-02.jpg,cat eye,plastic,house
all,ANN TAYLOR 432002.png,round,plastic,house
all,MCQ 211461F004009.jpg,undifined,metal,MCQ
all,DIFF EYEWEAR BELLA XS.png,rectangle,plastic,house
all,THOM BROWNE TB418.jpg,rectangle,plastic,thom
2020,Prada Linea Rossa 2020.jpg,rectangle,plastic,prada
all,CUTLER AND GROSS 1367.jpg,aviator,plastic,house
all,TOM FORD 211076M134045.jpg,rectangle,plastic,tom ford
all,LOEWE LW50024U.png,rectangle,plastic,loewe
all,BOTTEGA VENETA 211798M134016.jpg,aviator,plastic,bottega
all,LAPIMA Teresa oversized.png,oversize,plastic,house
all,RAY-BAN 211718M134038.jpg,rectangle,metal,rayban
all,CUTLER AND GROSS 1381.jpg,rectangle,plastic,house
all,ANN TAYLOR 528263.png,cat eye,plastic,house
all,MCQ 211461F004011.jpg,undifined,metal,MCQ
all,DIFF BEKKA XS.png,rectangle,plastic,house
all,RAEN 211027M133038.jpg,round,plastic,raen
all,Prada Linea Rossa 01TS.png,rectangle,plastic,prada
all,RAEN 211027M133043.jpg,rectangle,metal,raen
all,GUCCI 211451M134292.jpg,round,plastic,gucci
all,ALDO Boskear.jpg,undifined,plastic,aldo
all,TOM FORD 211076M133039.jpg,rectangle,plastic,tom ford
all,Isabel Marant 61MM Hexagonal.png,undifined,plastic,house
all,SUNGLASS.LA B917-01.jpg,round,plastic,house
all,TOM FORD 211076M133024.jpg,round,plastic,tom ford
all,SUNGLASS.LA BC548-01.jpg,round,plastic,house
all,ALDO Danet.jpg,shield,metal,aldo
all,ETUDES 211647M134112.jpg,round,metal,etudes
all,ANN TAYLOR 528265.png,oversize,plastic,house
all,RAY-BAN 211718M134036.jpg,round,metal,rayban
all,Prada Linea Rossa PS08US4535W1.jpg,aviator,plastic,prada
all,BURBERRY 211376M134014.jpg,aviator,plastic,burberry
all,ALEXANDER MCQUEEN 211259M134007.jpg,rectangle,plastic,alexander
all,Vogue VO4145SB2808E.jpg,undifined,metal,vogue
all,MATSUDA M2029.jpg,round,complex,matsuda
all,RAY-BAN 211718M134049.jpg,aviator,plastic,rayban
all,ALDO Dioscuri.jpg,round,metal,aldo
all,DIOR HOMME 201071M134114.jpg,aviator,plastic,Dior
all,ANN TAYLOR 528264.png,round,complex,house
all,GREY ANT 211590M134007.jpg,rectangle,plastic,house
all,DOLCE & GABBANA 211003M134346.jpg,aviator,metal,dolce
all,DIOR HOMME 202071M134154.jpg,rectangle,plastic,Dior
all,SUNGLASS.LA BC131-04.jpg,round,complex,house
all,FENDI Baguette FENEH4Z8GRYLLLLL00.jfif,round,metal,fendi
all,RAY-BAN 211718M134019.jpg,round,plastic,rayban
all,GREY ANT 211590M133005.jpg,rectangle,plastic,house
all,ANN TAYLOR 528262.png,cat eye,plastic,house
all,BALENCIAGA 211342M134266.jpg,undifined,plastic,balenciaga
all,GIVENCHY GV 0085.jpg,round,plastic,givenchy
all,SAINT LAURENT 211418M134029.jpg,rectangle,plastic,saint
all,SAINT LAURENT  SL 398.jpg,rectangle,plastic,saint
all,THIERRY LASRY 211331M134015.jpg,aviator,plastic,thierry
all,KUBORAUM 211872M133011.jpg,rectangle,plastic,house
all,VICTORIA BECKHAM Aviator.png,aviator,plastic,victoria
all,SUNGLASS.LA BC612-01.jpg,round,plastic,house
all,BOTTEGA VENETA 211798M134003.jpg,aviator,plastic,bottega
all,THIERRY LASRY 211463M134002.jpg,round,plastic,thierry
all,CELINE 1380792.png,rectangle,plastic,celine
all,GUCCI 211451M134293.jpg,aviator,plastic,gucci
all,GUCCI 211451M134295.jpg,round,plastic,gucci
all,LOEWE 211677M133210.jpg,rectangle,plastic,loewe
all,Gentle Monster Bling 02.jpg,rectangle,plastic,gentle
all,RAEN 211027M134026.jpg,rectangle,plastic,raen
all,GIVENCHY GV 0108.jpg,round,metal,givenchy
,,,,
,,,,
,,,,
,,,,
,,,,
,,,,
,,,,
,,,,
,,,,
,,,,
,,,,
,,,,
,,,,
,,,,
,,,,
,,,,
,,,,
,,,,
,,,,
,,,,
,,,,
,,,,
,,,,
,,,,
,,,,
,,,,
,,,,
,,,,
,,,,
,,,,
,,,,
,,,,
,,,,
,,,,
,,,,
,,,,
,,,,
,,,,
,,,,
,,,,
,,,,
,,,,
,,,,
,,,,
,,,,
,,,,
,,,,
,,,,
,,,,
,,,,
,,,,
,,,,
,,,,
,,,,
,,,,
,,,,
,,,,
,,,,
,,,,
,,,,
,,,,
,,,,
,,,,
,,,,
,,,,
,,,,
,,,,
,,,,
,,,,
,,,,
,,,,
,,,,
,,,,
,,,,
,,,,
,,,,
,,,,
,,,,
,,,,
,,,,
,,,,
,,,,
,,,,
,,,,
,,,,
,,,,
,,,,
,,,,
,,,,
,,,,
,,,,
,,,,
,,,,
,,,,
,,,,
,,,,
,,,,
,,,,
,,,,
,,,,
,,,,
,,,,
,,,,
,,,,
,,,,
,,,,
,,,,
,,,,
,,,,
,,,,
,,,,
,,,,
,,,,
,,,,
,,,,
,,,,
,,,,
,,,,
,,,,
,,,,
,,,,
,,,,
,,,,
,,,,
,,,,
,,,,
,,,,
,,,,
,,,,
,,,,
,,,,
,,,,
,,,,
,,,,
,,,,
,,,,
,,,,
,,,,
,,,,
,,,,
,,,,
,,,,
,,,,
,,,,
,,,,
,,,,
,,,,
,,,,
,,,,
,,,,
,,,,
,,,,
,,,,
,,,,
,,,,
,,,,
,,,,
,,,,
,,,,
,,,,
,,,,
,,,,
,,,,
,,,,
,,,,
,,,,
,,,,
,,,,
,,,,
,,,,
,,,,
,,,,
,,,,
,,,,
,,,,
,,,,
,,,,
,,,,
,,,,
,,,,
,,,,
,,,,
,,,,
,,,,
,,,,
,,,,
,,,,
,,,,
,,,,
,,,,
,,,,
,,,,
,,,,
,,,,
,,,,
,,,,
,,,,
,,,,
,,,,
,,,,
,,,,
,,,,
,,,,
,,,,
,,,,
,,,,
,,,,
,,,,
,,,,
,,,,
,,,,
,,,,
,,,,
,,,,
,,,,
,,,,
,,,,
,,,,
,,,,
,,,,
,,,,
,,,,
,,,,
,,,,
,,,,
,,,,
,,,,
,,,,
,,,,
,,,,
,,,,
,,,,
,,,,
,,,,
,,,,
,,,,
,,,,
,,,,
,,,,
,,,,
,,,,
,,,,
,,,,
,,,,
,,,,
,,,,
,,,,
,,,,
,,,,
,,,,
,,,,
,,,,
,,,,
,,,,
,,,,
,,,,
,,,,
,,,,
,,,,
,,,,
,,,,
,,,,
,,,,
,,,,
,,,,
,,,,
,,,,
,,,,
,,,,
,,,,
,,,,
,,,,
,,,,
,,,,
,,,,
,,,,
,,,,
,,,,
,,,,
,,,,
,,,,
,,,,
,,,,
,,,,
,,,,
,,,,
,,,,
,,,,
,,,,
,,,,
,,,,
,,,,
,,,,
,,,,
,,,,
,,,,
,,,,
,,,,
,,,,
,,,,
,,,,
,,,,
,,,,
,,,,
,,,,
,,,,
,,,,
,,,,
,,,,
,,,,
,,,,
,,,,
,,,,
,,,,
,,,,
,,,,
,,,,
,,,,
,,,,
,,,,
,,,,
,,,,
,,,,
,,,,
,,,,
,,,,
,,,,
,,,,
,,,,
,,,,
,,,,
,,,,
,,,,
,,,,
,,,,
,,,,
,,,,
,,,,
,,,,
,,,,
,,,,
,,,,
,,,,
,,,,
,,,,
,,,,
,,,,
,,,,
,,,,
,,,,
,,,,
,,,,
,,,,
,,,,
,,,,
,,,,
,,,,
,,,,
,,,,
,,,,
,,,,
,,,,
,,,,
,,,,
,,,,
,,,,
,,,,
,,,,
,,,,
,,,,
,,,,
,,,,
,,,,
,,,,
,,,,
,,,,
,,,,
,,,,
,,,,
,,,,
,,,,
,,,,
,,,,
,,,,
,,,,
,,,,
,,,,
,,,,
,,,,
,,,,
,,,,
,,,,
,,,,
,,,,
,,,,
,,,,
,,,,
,,,,
,,,,
,,,,
,,,,
,,,,
,,,,
,,,,
,,,,
,,,,
,,,,
,,,,
,,,,
,,,,
,,,,
,,,,
,,,,
,,,,
,,,,
,,,,
,,,,
,,,,
,,,,
,,,,
,,,,
,,,,
,,,,
,,,,
,,,,
,,,,
,,,,
,,,,
,,,,
,,,,
,,,,
,,,,
,,,,
,,,,
,,,,
,,,,
,,,,
,,,,
,,,,
,,,,
,,,,
,,,,
,,,,
,,,,
,,,,
,,,,
,,,,
,,,,
,,,,
,,,,
,,,,
,,,,
,,,,
,,,,
,,,,
,,,,
,,,,
,,,,
,,,,
,,,,
,,,,
,,,,
,,,,
,,,,
,,,,
,,,,
,,,,
,,,,
,,,,
,,,,
,,,,
,,,,
,,,,
,,,,
,,,,
,,,,
,,,,
,,,,
,,,,
,,,,
,,,,
,,,,
,,,,
,,,,
,,,,
,,,,
,,,,
,,,,
,,,,
,,,,
,,,,
,,,,
,,,,
,,,,
,,,,
,,,,
,,,,
,,,,
,,,,
,,,,
,,,,
,,,,
,,,,
,,,,
,,,,
,,,,
,,,,
,,,,
,,,,
,,,,
,,,,
,,,,
,,,,
,,,,
,,,,
,,,,
,,,,
,,,,
,,,,
,,,,
,,,,
,,,,
,,,,
,,,,
,,,,
,,,,
,,,,
,,,,
,,,,
,,,,
,,,,
,,,,
,,,,
,,,,
,,,,
,,,,
,,,,
,,,,
,,,,
,,,,
,,,,
,,,,
,,,,
,,,,
,,,,
,,,,
,,,,
,,,,
,,,,
,,,,
,,,,
,,,,
,,,,
,,,,
,,,,
,,,,
,,,,
,,,,
,,,,
,,,,
,,,,
,,,,
,,,,
,,,,
,,,,
,,,,
,,,,
,,,,
,,,,
,,,,
,,,,
,,,,
,,,,
,,,,
,,,,
,,,,
,,,,
,,,,
,,,,
,,,,
,,,,
,,,,
,,,,
,,,,
,,,,
,,,,
,,,,
,,,,
,,,,
,,,,
,,,,
,,,,
,,,,
,,,,
,,,,
,,,,
,,,,
,,,,
,,,,
,,,,
,,,,
,,,,
,,,,
,,,,
,,,,
,,,,
,,,,
,,,,
,,,,
,,,,
,,,,
,,,,
,,,,
,,,,
,,,,
,,,,
,,,,
,,,,
,,,,
,,,,
,,,,
,,,,
,,,,
,,,,
,,,,
,,,,
,,,,
,,,,
,,,,
,,,,
,,,,
,,,,
,,,,
,,,,
,,,,
,,,,
,,,,
,,,,
,,,,
,,,,
,,,,
,,,,
,,,,
,,,,
,,,,
,,,,
,,,,
,,,,
,,,,
,,,,
,,,,
,,,,
,,,,
,,,,
,,,,
,,,,
,,,,
,,,,
,,,,
,,,,
,,,,
,,,,
,,,,
,,,,
,,,,
,,,,
,,,,
,,,,
,,,,
,,,,
,,,,
,,,,
,,,,
,,,,
,,,,
,,,,
,,,,
,,,,
,,,,
,,,,
,,,,
,,,,
,,,,
,,,,
,,,,
,,,,
,,,,
,,,,
,,,,
,,,,
,,,,
,,,,
,,,,
,,,,
,,,,
,,,,
,,,,
,,,,
,,,,
,,,,
,,,,
,,,,
,,,,
,,,,
,,,,
,,,,
,,,,
,,,,
,,,,
,,,,
,,,,
,,,,
,,,,
,,,,
,,,,
,,,,
,,,,
,,,,
,,,,
,,,,
,,,,
,,,,
,,,,
,,,,
,,,,
,,,,
,,,,
,,,,
,,,,
,,,,
,,,,
,,,,
,,,,
,,,,
,,,,
,,,,
,,,,
,,,,
,,,,
,,,,
,,,,
,,,,
,,,,
,,,,
,,,,
,,,,
,,,,
,,,,
,,,,
,,,,
,,,,
,,,,
,,,,
,,,,
,,,,
,,,,
,,,,
,,,,
,,,,
,,,,
,,,,
,,,,
,,,,
,,,,
,,,,
,,,,
,,,,
,,,,
,,,,
,,,,
,,,,
,,,,
,,,,
,,,,
,,,,
,,,,
,,,,
,,,,
,,,,
,,,,
,,,,
,,,,
,,,,
,,,,
,,,,
,,,,
,,,,
,,,,
,,,,
,,,,
,,,,
,,,,
,,,,
,,,,
,,,,
,,,,
,,,,
,,,,
,,,,
,,,,
,,,,
,,,,
,,,,
,,,,
,,,,
,,,,
,,,,
,,,,
,,,,
,,,,
,,,,
,,,,
,,,,
,,,,
,,,,
,,,,
,,,,
,,,,
,,,,
,,,,
,,,,
,,,,
,,,,
,,,,
,,,,
,,,,
,,,,
,,,,
,,,,
,,,,
,,,,
,,,,
,,,,
,,,,
,,,,
,,,,
,,,,
,,,,
,,,,
,,,,
,,,,
,,,,
,,,,
,,,,
,,,,
,,,,
,,,,
,,,,
,,,,
,,,,
,,,,
,,,,
,,,,
,,,,
,,,,
,,,,
,,,,
,,,,
,,,,
,,,,
,,,,
,,,,
,,,,
,,,,
,,,,
,,,,
,,,,
,,,,
,,,,
,,,,
,,,,
,,,,
,,,,
,,,,
,,,,
,,,,
,,,,
,,,,
,,,,
,,,,
,,,,
,,,,
,,,,
,,,,
,,,,
,,,,
,,,,
,,,,
,,,,
,,,,
,,,,
,,,,
,,,,
,,,,
,,,,
,,,,
,,,,
,,,,
,,,,
,,,,
,,,,
,,,,
,,,,
,,,,
,,,,
,,,,
,,,,
,,,,
,,,,
,,,,
,,,,
,,,,
,,,,
,,,,
,,,,
,,,,
,,,,
,,,,
,,,,
,,,,
,,,,
,,,,
,,,,
,,,,
,,,,
,,,,
,,,,
,,,,
,,,,
,,,,
,,,,
,,,,
,,,,
,,,,
,,,,
,,,,
,,,,
,,,,
,,,,
,,,,
,,,,
,,,,
,,,,
,,,,
,,,,
,,,,
,,,,
,,,,
,,,,
,,,,
,,,,
,,,,
,,,,
,,,,
,,,,
,,,,
,,,,
,,,,
,,,,
,,,,
,,,,
,,,,
,,,,
,,,,
,,,,
,,,,
,,,,
,,,,
,,,,
,,,,
,,,,
,,,,
,,,,
,,,,
,,,,
,,,,
,,,,
,,,,
,,,,
,,,,
,,,,
,,,,
,,,,
,,,,
,,,,
,,,,
,,,,
,,,,
,,,,
,,,,
,,,,
,,,,
,,,,
,,,,
,,,,
,,,,
,,,,
,,,,
,,,,
,,,,
,,,,
,,,,
,,,,
,,,,
,,,,
,,,,
,,,,
,,,,
,,,,
,,,,
,,,,
,,,,
,,,,
,,,,
,,,,
,,,,
,,,,
,,,,
,,,,
,,,,
,,,,
,,,,
,,,,
,,,,
,,,,
,,,,
,,,,
,,,,
,,,,
,,,,
,,,,
,,,,
,,,,
,,,,
,,,,
,,,,
,,,,
,,,,
,,,,
,,,,
,,,,
,,,,
,,,,
,,,,
,,,,
,,,,
,,,,
,,,,
,,,,
,,,,
,,,,
,,,,
,,,,
,,,,
,,,,
,,,,
,,,,
,,,,
,,,,
,,,,
,,,,
,,,,
,,,,
,,,,
,,,,
,,,,
,,,,
,,,,
,,,,
,,,,
,,,,
,,,,
,,,,
,,,,
,,,,
,,,,
,,,,
,,,,
,,,,
,,,,
,,,,
,,,,
,,,,
,,,,
,,,,
,,,,
,,,,
,,,,
,,,,
,,,,
,,,,
,,,,
,,,,
,,,,
,,,,
,,,,
,,,,
,,,,
,,,,
,,,,